{"components":[{"core_colors":{"border":{"red":0.06666666666666667,"green":0.06666666666666667,"blue":0.10588235294117647,"alpha":1.0},"border_shadow":{"red":0.09411764705882353,"green":0.09411764705882353,"blue":0.1450980392156863,"alpha":1.0},"button":{"red":0.19215686274509805,"green":0.19607843137254902,"blue":0.26666666666666666,"alpha":1.0},"button_active":{"red":0.34509803921568627,"green":0.3568627450980392,"blue":0.4392156862745098,"alpha":1.0},"button_hovered":{"red":0.27058823529411763,"green":0.2784313725490196,"blue":0.35294117647058826,"alpha":1.0},"check_mark":{"red":0.6509803921568628,"green":0.6784313725490196,"blue":0.7843137254901961,"alpha":1.0},"child_bg":{"red":0.4235294117647059,"green":0.4392156862745098,"blue":0.5254901960784314,"alpha":1.0},"docking_empty_bg":{"red":0.06666666666666667,"green":0.06666666666666667,"blue":0.10588235294117647,"alpha":1.0},"docking_preview":{"red":0.9607843137254902,"green":0.8784313725490196,"blue":0.8627450980392157,"alpha":1.0},"drag_drop_target":{"red":0.9764705882352941,"green":0.8862745098039215,"blue":0.6862745098039216,"alpha":1.0},"frame_bg":{"red":0.19215686274509805,"green":0.19607843137254902,"blue":0.26666666666666666,"alpha":1.0},"frame_bg_active":{"red":0.34509803921568627,"green":0.3568627450980392,"blue":0.4392156862745098,"alpha":1.0},"frame_bg_hovered":{"red":0.27058823529411763,"green":0.2784313725490196,"blue":0.35294117647058826,"alpha":1.0},"header":{"red":0.19215686274509805,"green":0.19607843137254902,"blue":0.26666666666666666,"alpha":1.0},"header_active":{"red":0.34509803921568627,"green":0.3568627450980392,"blue":0.4392156862745098,"alpha":1.0},"header_hovered":{"red":0.27058823529411763,"green":0.2784313725490196,"blue":0.35294117647058826,"alpha":1.0},"menu_bar_bg":{"red":0.4980392156862745,"green":0.5176470588235295,"blue":0.611764705882353,"alpha":1.0},"modal_window_dim_bg":{"red":0.19215686274509805,"green":0.19607843137254902,"blue":0.26666666666666666,"alpha":1.0},"nav_highlight":{"red":0.5372549019607843,"green":0.8627450980392157,"blue":0.9215686274509803,"alpha":1.0},"nav_windowing_dim_bg":{"red":0.34509803921568627,"green":0.3568627450980392,"blue":0.4392156862745098,"alpha":1.0},"nav_windowing_highlight":{"red":0.5372549019607843,"green":0.8627450980392157,"blue":0.9215686274509803,"alpha":1.0},"plot_histogram":{"red":0.06666666666666667,"green":0.06666666666666667,"blue":0.10588235294117647,"alpha":1.0},"plot_histogram_hovered":{"red":0.06666666666666667,"green":0.06666666666666667,"blue":0.10588235294117647,"alpha":1.0},"plot_lines":{"red":0.9803921568627451,"green":0.7019607843137254,"blue":0.5294117647058824,"alpha":1.0},"plot_lines_hovered":{"red":0.796078431372549,"green":0.6509803921568628,"blue":0.9686274509803922,"alpha":1.0},"popup_bg":{"red":0.4235294117647059,"green":0.4392156862745098,"blue":0.5254901960784314,"alpha":1.0},"resize_grip":{"red":0.7058823529411765,"green":0.7450980392156863,"blue":0.996078431372549,"alpha":1.0},"resize_grip_active":{"red":0.4549019607843137,"green":0.7803921568627451,"blue":0.9254901960784314,"alpha":1.0},"resize_grip_hovered":{"red":0.4549019607843137,"green":0.7803921568627451,"blue":0.9254901960784314,"alpha":1.0},"scrollbar_bg":{"red":0.4235294117647059,"green":0.4392156862745098,"blue":0.5254901960784314,"alpha":1.0},"scrollbar_grab":{"red":0.7058823529411765,"green":0.7450980392156863,"blue":0.996078431372549,"alpha":1.0},"scrollbar_grab_active":{"red":0.5372549019607843,"green":0.7058823529411765,"blue":0.9803921568627451,"alpha":1.0},"scrollbar_grab_hovered":{"red":0.5372549019607843,"green":0.7058823529411765,"blue":0.9803921568627451,"alpha":1.0},"separator":{"red":0.6509803921568628,"green":0.6784313725490196,"blue":0.7843137254901961,"alpha":1.0},"separator_active":{"red":0.7294117647058823,"green":0.7607843137254902,"blue":0.8705882352941177,"alpha":1.0},"separator_hovered":{"red":0.7294117647058823,"green":0.7607843137254902,"blue":0.8705882352941177,"alpha":1.0},"slider_grab":{"red":0.4235294117647059,"green":0.4392156862745098,"blue":0.5254901960784314,"alpha":1.0},"slider_grab_active":{"red":0.4980392156862745,"green":0.5176470588235295,"blue":0.611764705882353,"alpha":1.0},"tab":{"red":0.19215686274509805,"green":0.19607843137254902,"blue":0.26666666666666666,"alpha":1.0},"tab_active":{"red":0.34509803921568627,"green":0.3568627450980392,"blue":0.4392156862745098,"alpha":1.0},"tab_hovered":{"red":0.4235294117647059,"green":0.4392156862745098,"blue":0.5254901960784314,"alpha":1.0},"tab_unfocused":{"red":0.19215686274509805,"green":0.19607843137254902,"blue":0.26666666666666666,"alpha":1.0},"tab_unfocused_active":{"red":0.34509803921568627,"green":0.3568627450980392,"blue":0.4392156862745098,"alpha":1.0},"table_border_light":{"red":0.4235294117647059,"green":0.4392156862745098,"blue":0.5254901960784314,"alpha":1.0},"table_border_strong":{"red":0.803921568627451,"green":0.8392156862745098,"blue":0.9568627450980393,"alpha":1.0},"table_header_bg":{"red":0.09411764705882353,"green":0.09411764705882353,"blue":0.1450980392156863,"alpha":1.0},"table_row_bg":{"red":0.19215686274509805,"green":0.19607843137254902,"blue":0.26666666666666666,"alpha":1.0},"table_row_bg_alt":{"red":0.27058823529411763,"green":0.2784313725490196,"blue":0.35294117647058826,"alpha":1.0},"text":{"red":0.803921568627451,"green":0.8392156862745098,"blue":0.9568627450980393,"alpha":1.0},"text_disabled":{"red":0.6509803921568628,"green":0.6784313725490196,"blue":0.7843137254901961,"alpha":1.0},"text_selected_bg":{"red":0.06666666666666667,"green":0.06666666666666667,"blue":0.10588235294117647,"alpha":1.0},"title_bg":{"red":0.19215686274509805,"green":0.19607843137254902,"blue":0.26666666666666666,"alpha":1.0},"title_bg_active":{"red":0.34509803921568627,"green":0.3568627450980392,"blue":0.4392156862745098,"alpha":1.0},"title_bg_collapsed":{"red":0.27058823529411763,"green":0.2784313725490196,"blue":0.35294117647058826,"alpha":1.0},"window_bg":{"red":0.11764705882352941,"green":0.11764705882352941,"blue":0.1803921568627451,"alpha":1.0}},"plot_colors":{"axis_bg":{"red":0.19215686274509805,"green":0.19607843137254902,"blue":0.26666666666666666,"alpha":1.0},"axis_bg_active":{"red":0.27058823529411763,"green":0.2784313725490196,"blue":0.35294117647058826,"alpha":1.0},"axis_bg_hovered":{"red":0.34509803921568627,"green":0.3568627450980392,"blue":0.4392156862745098,"alpha":1.0},"axis_grid":{"red":0.4235294117647059,"green":0.4392156862745098,"blue":0.5254901960784314,"alpha":1.0},"axis_text":{"red":0.7294117647058823,"green":0.7607843137254902,"blue":0.8705882352941177,"alpha":1.0},"crosshairs":{"red":0.9607843137254902,"green":0.8784313725490196,"blue":0.8627450980392157,"alpha":1.0},"error_bar":{"red":0.9490196078431372,"green":0.803921568627451,"blue":0.803921568627451,"alpha":1.0},"fill":null,"frame_bg":{"red":0.19215686274509805,"green":0.19607843137254902,"blue":0.26666666666666666,"alpha":1.0},"inlay_text":{"red":0.9607843137254902,"green":0.8784313725490196,"blue":0.8627450980392157,"alpha":1.0},"legend_bg":{"red":0.06666666666666667,"green":0.06666666666666667,"blue":0.10588235294117647,"alpha":1.0},"legend_border":{"red":0.06666666666666667,"green":0.06666666666666667,"blue":0.10588235294117647,"alpha":1.0},"legend_text":{"red":0.803921568627451,"green":0.8392156862745098,"blue":0.9568627450980393,"alpha":1.0},"line":null,"marker_fill":{"red":0.06666666666666667,"green":0.06666666666666667,"blue":0.10588235294117647,"alpha":1.0},"marker_outline":{"red":0.06666666666666667,"green":0.06666666666666667,"blue":0.10588235294117647,"alpha":1.0},"plot_bg":{"red":0.06666666666666667,"green":0.06666666666666667,"blue":0.10588235294117647,"alpha":1.0},"plot_border":{"red":0.06666666666666667,"green":0.06666666666666667,"blue":0.10588235294117647,"alpha":1.0},"selection":{"red":0.06666666666666667,"green":0.06666666666666667,"blue":0.10588235294117647,"alpha":1.0},"title_text":{"red":0.06666666666666667,"green":0.06666666666666667,