{"components":[{"core_colors":{"border":{"red":0.09411764705882353,"green":0.09803921568627451,"blue":0.14901960784313725,"alpha":1.0},"border_shadow":{"red":0.11764705882352941,"green":0.12549019607843137,"blue":0.18823529411764706,"alpha":1.0},"button":{"red":0.21176470588235294,"green":0.22745098039215686,"blue":0.30980392156862746,"alpha":1.0},"button_active":{"red":0.3568627450980392,"green":0.3764705882352941,"blue":0.47058823529411764,"alpha":1.0},"button_hovered":{"red":0.28627450980392155,"green":0.30196078431372547,"blue":0.39215686274509803,"alpha":1.0},"check_mark":{"red":0.6470588235294118,"green":0.6784313725490196,"blue":0.796078431372549,"alpha":1.0},"child_bg":{"red":0.43137254901960786,"green":0.45098039215686275,"blue":0.5529411764705883,"alpha":1.0},"docking_empty_bg":{"red":0.09411764705882353,"green":0.09803921568627451,"blue":0.14901960784313725,"alpha":1.0},"docking_preview":{"red":0.9568627450980393,"green":0.8588235294117647,"blue":0.8392156862745098,"alpha":1.0},"drag_drop_target":{"red":0.9333333333333333,"green":0.8313725490196079,"blue":0.6235294117647059,"alpha":1.0},"frame_bg":{"red":0.21176470588235294,"green":0.22745098039215686,"blue":0.30980392156862746,"alpha":1.0},"frame_bg_active":{"red":0.3568627450980392,"green":0.3764705882352941,"blue":0.47058823529411764,"alpha":1.0},"frame_bg_hovered":{"red":0.28627450980392155,"green":0.30196078431372547,"blue":0.39215686274509803,"alpha":1.0},"header":{"red":0.21176470588235294,"green":0.22745098039215686,"blue":0.30980392156862746,"alpha":1.0},"header_active":{"red":0.3568627450980392,"green":0.3764705882352941,"blue":0.47058823529411764,"alpha":1.0},"header_hovered":{"red":0.28627450980392155,"green":0.30196078431372547,"blue":0.39215686274509803,"alpha":1.0},"menu_bar_bg":{"red":0.5019607843137255,"green":0.5294117647058824,"blue":0.6352941176470588,"alpha":1.0},"modal_window_dim_bg":{"red":0.21176470588235294,"green":0.22745098039215686,"blue":0.30980392156862746,"alpha":1.0},"nav_highlight":{"red":0.5686274509803921,"green":0.8431372549019608,"blue":0.8901960784313725,"alpha":1.0},"nav_windowing_dim_bg":{"red":0.3568627450980392,"green":0.3764705882352941,"blue":0.47058823529411764,"alpha":1.0},"nav_windowing_highlight":{"red":0.5686274509803921,"green":0.8431372549019608,"blue":0.8901960784313725,"alpha":1.0},"plot_histogram":{"red":0.09411764705882353,"green":0.09803921568627451,"blue":0.14901960784313725,"alpha":1.0},"plot_histogram_hovered":{"red":0.09411764705882353,"green":0.09803921568627451,"blue":0.14901960784313725,"alpha":1.0},"plot_lines":{"red":0.9607843137254902,"green":0.6627450980392157,"blue":0.4980392156862745,"alpha":1.0},"plot_lines_hovered":{"red":0.7764705882352941,"green":0.6274509803921569,"blue":0.9647058823529412,"alpha":1.0},"popup_bg":{"red":0.43137254901960786,"green":0.45098039215686275,"blue":0.5529411764705883,"alpha":1.0},"resize_grip":{"red":0.7176470588235294,"green":0.7411764705882353,"blue":0.9725490196078431,"alpha":1.0},"resize_grip_active":{"red":0.49019607843137253,"green":0.7686274509803922,"blue":0.8941176470588236,"alpha":1.0},"resize_grip_hovered":{"red":0.49019607843137253,"green":0.7686274509803922,"blue":0.8941176470588236,"alpha":1.0},"scrollbar_bg":{"red":0.43137254901960786,"green":0.45098039215686275,"blue":0.5529411764705883,"alpha":1.0},"scrollbar_grab":{"red":0.7176470588235294,"green":0.7411764705882353,"blue":0.9725490196078431,"alpha":1.0},"scrollbar_grab_active":{"red":0.5411764705882353,"green":0.6784313725490196,"blue":0.9568627450980393,"alpha":1.0},"scrollbar_grab_hovered":{"red":0.5411764705882353,"green":0.6784313725490196,"blue":0.9568627450980393,"alpha":1.0},"separator":{"red":0.6470588235294118,"green":0.6784313725490196,"blue":0.796078431372549,"alpha":1.0},"separator_active":{"red":0.7215686274509804,"green":0.7529411764705882,"blue":0.8784313725490196,"alpha":1.0},"separator_hovered":{"red":0.7215686274509804,"green":0.7529411764705882,"blue":0.8784313725490196,"alpha":1.0},"slider_grab":{"red":0.43137254901960786,"green":0.45098039215686275,"blue":0.5529411764705883,"alpha":1.0},"slider_grab_active":{"red":0.5019607843137255,"green":0.5294117647058824,"blue":0.6352941176470588,"alpha":1.0},"tab":{"red":0.21176470588235294,"green":0.22745098039215686,"blue":0.30980392156862746,"alpha":1.0},"tab_active":{"red":0.3568627450980392,"green":0.3764705882352941,"blue":0.47058823529411764,"alpha":1.0},"tab_hovered":{"red":0.43137254901960786,"green":0.45098039215686275,"blue":0.5529411764705883,"alpha":1.0},"tab_unfocused":{"red":0.21176470588235294,"green":0.22745098039215686,"blue":0.30980392156862746,"alpha":1.0},"tab_unfocused_active":{"red":0.3568627450980392,"green":0.3764705882352941,"blue":0.47058823529411764,"alpha":1.0},"table_border_light":{"red":0.43137254901960786,"green":0.45098039215686275,"blue":0.5529411764705883,"alpha":1.0},"table_border_strong":{"red":0.792156862745098,"green":0.8274509803921568,"blue":0.9607843137254902,"alpha":1.0},"table_header_bg":{"red":0.11764705882352941,"green":0.12549019607843137,"blue":0.18823529411764706,"alpha":1.0},"table_row_bg":{"red":0.21176470588235294,"green":0.22745098039215686,"blue":0.30980392156862746,"alpha":1.0},"table_row_bg_alt":{"red":0.28627450980392155,"green":0.30196078431372547,"blue":0.39215686274509803,"alpha":1.0},"text":{"red":0.792156862745098,"green":0.8274509803921568,"blue":0.9607843137254902,"alpha":1.0},"text_disabled":{"red":0.6470588235294118,"green":0.6784313725490196,"blue":0.796078431372549,"alpha":1.0},"text_selected_bg":{"red":0.09411764705882353,"green":0.09803921568627451,"blue":0.14901960784313725,"alpha":1.0},"title_bg":{"red":0.21176470588235294,"green":0.22745098039215686,"blue":0.30980392156862746,"alpha":1.0},"title_bg_active":{"red":0.3568627450980392,"green":0.3764705882352941,"blue":0.47058823529411764,"alpha":1.0},"title_bg_collapsed":{"red":0.28627450980392155,"green":0.30196078431372547,"blue":0.39215686274509803,"alpha":1.0},"window_bg":{"red":0.1411764705882353,"green":0.15294117647058825,"blue":0.22745098039215686,"alpha":1.0}},"plot_colors":{"axis_bg":{"red":0.21176470588235294,"green":0.22745098039215686,"blue":0.30980392156862746,"alpha":1.0},"axis_bg_active":{"red":0.28627450980392155,"green":0.30196078431372547,"blue":0.39215686274509803,"alpha":1.0},"axis_bg_hovered":{"red":0.3568627450980392,"green":0.3764705882352941,"blue":0.47058823529411764,"alpha":1.0},"axis_grid":{"red":0.43137254901960786,"green":0.45098039215686275,"blue":0.5529411764705883,"alpha":1.0},"axis_text":{"red":0.7215686274509804,"green":0.7529411764705882,"blue":0.8784313725490196,"alpha":1.0},"crosshairs":{"red":0.9568627450980393,"green":0.8588235294117647,"blue":0.8392156862745098,"alpha":1.0},"error_bar":{"red":0.9411764705882353,"green":0.7764705882352941,"blue":0.7764705882352941,"alpha":1.0},"fill":null,"frame_bg":{"red":0.21176470588235294,"green":0.22745098039215686,"blue":0.30980392156862746,"alpha":1.0},"inlay_text":{"red":0.9568627450980393,"green":0.8588235294117647,"blue":0.8392156862745098,"alpha":1.0},"legend_bg":{"red":0.09411764705882353,"green":0.09803921568627451,"blue":0.14901960784313725,"alpha":1.0},"legend_border":{"red":0.09411764705882353,"green":0.09803921568627451,"blue":0.14901960784313725,"alpha":1.0},"legend_text":{"red":0.792156862745098,"green":0.8274509803921568,"blue":0.9607843137254902,"alpha":1.0},"line":null,"marker_fill":{"red":0.09411764705882353,"green":0.09803921568627451,"blue":0.14901960784313725,"alpha":1.0},"marker_outline":{"red":0.09411764705882353,"green":0.09803921568627451,"blue":0.14901960784313725,"alpha":1.0},"plot_bg":{"red":0.09411764705882353,"green":0.09803921568627451,"blue":0.14901960784313725,"alpha":1.0},"plot_border":{"red":0.09411764705882353,"green":0.09803921568627451,"blue":0.14901960784313725,"alpha":1.0},"selection":{"red":0.09411764705882353,"green":0.09803921568627451,"blue":0.14901960784313725,"alpha":1.0},"title_text":{"red":0.09411764705882353,