{"components":[{"core_colors":{"border":{"red":0.13725490196078433,"green":0.14901960784313725,"blue":0.20392156862745098,"alpha":1.0},"border_shadow":{"red":0.1607843137254902,"green":0.17254901960784313,"blue":0.23529411764705882,"alpha":1.0},"button":{"red":0.2549019607843137,"green":0.27058823529411763,"blue":0.34901960784313724,"alpha":1.0},"button_active":{"red":0.3843137254901961,"green":0.40784313725490196,"blue":0.5019607843137255,"alpha":1.0},"button_hovered":{"red":0.3176470588235294,"green":0.3411764705882353,"blue":0.42745098039215684,"alpha":1.0},"check_mark":{"red":0.6470588235294118,"green":0.6784313725490196,"blue":0.807843137254902,"alpha":1.0},"child_bg":{"red":0.45098039215686275,"green":0.4745098039215686,"blue":0.5803921568627451,"alpha":1.0},"docking_empty_bg":{"red":0.13725490196078433,"green":0.14901960784313725,"blue":0.20392156862745098,"alpha":1.0},"docking_preview":{"red":0.9490196078431372,"green":0.8352941176470589,"blue":0.8117647058823529,"alpha":1.0},"drag_drop_target":{"red":0.8980392156862745,"green":0.7843137254901961,"blue":0.5647058823529412,"alpha":1.0},"frame_bg":{"red":0.2549019607843137,"green":0.27058823529411763,"blue":0.34901960784313724,"alpha":1.0},"frame_bg_active":{"red":0.3843137254901961,"green":0.40784313725490196,"blue":0.5019607843137255,"alpha":1.0},"frame_bg_hovered":{"red":0.3176470588235294,"green":0.3411764705882353,"blue":0.42745098039215684,"alpha":1.0},"header":{"red":0.2549019607843137,"green":0.27058823529411763,"blue":0.34901960784313724,"alpha":1.0},"header_active":{"red":0.3843137254901961,"green":0.40784313725490196,"blue":0.5019607843137255,"alpha":1.0},"header_hovered":{"red":0.3176470588235294,"green":0.3411764705882353,"blue":0.42745098039215684,"alpha":1.0},"menu_bar_bg":{"red":0.5137254901960784,"green":0.5450980392156862,"blue":0.6549019607843137,"alpha":1.0},"modal_window_dim_bg":{"red":0.2549019607843137,"green":0.27058823529411763,"blue":0.34901960784313724,"alpha":1.0},"nav_highlight":{"red":0.6,"green":0.8196078431372549,"blue":0.8588235294117647,"alpha":1.0},"nav_windowing_dim_bg":{"red":0.3843137254901961,"green":0.40784313725490196,"blue":0.5019607843137255,"alpha":1.0},"nav_windowing_highlight":{"red":0.6,"green":0.8196078431372549,"blue":0.8588235294117647,"alpha":1.0},"plot_histogram":{"red":0.13725490196078433,"green":0.14901960784313725,"blue":0.20392156862745098,"alpha":1.0},"plot_histogram_hovered":{"red":0.13725490196078433,"green":0.14901960784313725,"blue":0.20392156862745098,"alpha":1.0},"plot_lines":{"red":0.9372549019607843,"green":0.6235294117647059,"blue":0.4627450980392157,"alpha":1.0},"plot_lines_hovered":{"red":0.792156862745098,"green":0.6196078431372549,"blue":0.9019607843137255,"alpha":1.0},"popup_bg":{"red":0.45098039215686275,"green":0.4745098039215686,"blue":0.5803921568627451,"alpha":1.0},"resize_grip":{"red":0.7294117647058823,"green":0.7333333333333333,"blue":0.9450980392156862,"alpha":1.0},"resize_grip_active":{"red":0.5215686274509804,"green":0.7568627450980392,"blue":0.8627450980392157,"alpha":1.0},"resize_grip_hovered":{"red":0.5215686274509804,"green":0.7568627450980392,"blue":0.8627450980392157,"alpha":1.0},"scrollbar_bg":{"red":0.45098039215686275,"green":0.4745098039215686,"blue":0.5803921568627451,"alpha":1.0},"scrollbar_grab":{"red":0.7294117647058823,"green":0.7333333333333333,"blue":0.9450980392156862,"alpha":1.0},"scrollbar_grab_active":{"red":0.5490196078431373,"green":0.6666666666666666,"blue":0.9333333333333333,"alpha":1.0},"scrollbar_grab_hovered":{"red":0.5490196078431373,"green":0.6666666666666666,"blue":0.9333333333333333,"alpha":1.0},"separator":{"red":0.6470588235294118,"green":0.6784313725490196,"blue":0.807843137254902,"alpha":1.0},"separator_active":{"red":0.7098039215686275,"green":0.7490196078431373,"blue":0.8862745098039215,"alpha":1.0},"separator_hovered":{"red":0.7098039215686275,"green":0.7490196078431373,"blue":0.8862745098039215,"alpha":1.0},"slider_grab":{"red":0.45098039215686275,"green":0.4745098039215686,"blue":0.5803921568627451,"alpha":1.0},"slider_grab_active":{"red":0.5137254901960784,"green":0.5450980392156862,"blue":0.6549019607843137,"alpha":1.0},"tab":{"red":0.2549019607843137,"green":0.27058823529411763,"blue":0.34901960784313724,"alpha":1.0},"tab_active":{"red":0.3843137254901961,"green":0.40784313725490196,"blue":0.5019607843137255,"alpha":1.0},"tab_hovered":{"red":0.45098039215686275,"green":0.4745098039215686,"blue":0.5803921568627451,"alpha":1.0},"tab_unfocused":{"red":0.2549019607843137,"green":0.27058823529411763,"blue":0.34901960784313724,"alpha":1.0},"tab_unfocused_active":{"red":0.3843137254901961,"green":0.40784313725490196,"blue":0.5019607843137255,"alpha":1.0},"table_border_light":{"red":0.45098039215686275,"green":0.4745098039215686,"blue":0.5803921568627451,"alpha":1.0},"table_border_strong":{"red":0.7764705882352941,"green":0.8156862745098039,"blue":0.9607843137254902,"alpha":1.0},"table_header_bg":{"red":0.1607843137254902,"green":0.17254901960784313,"blue":0.23529411764705882,"alpha":1.0},"table_row_bg":{"red":0.2549019607843137,"green":0.27058823529411763,"blue":0.34901960784313724,"alpha":1.0},"table_row_bg_alt":{"red":0.3176470588235294,"green":0.3411764705882353,"blue":0.42745098039215684,"alpha":1.0},"text":{"red":0.7764705882352941,"green":0.8156862745098039,"blue":0.9607843137254902,"alpha":1.0},"text_disabled":{"red":0.6470588235294118,"green":0.6784313725490196,"blue":0.807843137254902,"alpha":1.0},"text_selected_bg":{"red":0.13725490196078433,"green":0.14901960784313725,"blue":0.20392156862745098,"alpha":1.0},"title_bg":{"red":0.2549019607843137,"green":0.27058823529411763,"blue":0.34901960784313724,"alpha":1.0},"title_bg_active":{"red":0.3843137254901961,"green":0.40784313725490196,"blue":0.5019607843137255,"alpha":1.0},"title_bg_collapsed":{"red":0.3176470588235294,"green":0.3411764705882353,"blue":0.42745098039215684,"alpha":1.0},"window_bg":{"red":0.18823529411764706,"green":0.20392156862745098,"blue":0.27450980392156865,"alpha":1.0}},"plot_colors":{"axis_bg":{"red":0.2549019607843137,"green":0.27058823529411763,"blue":0.34901960784313724,"alpha":1.0},"axis_bg_active":{"red":0.3176470588235294,"green":0.3411764705882353,"blue":0.42745098039215684,"alpha":1.0},"axis_bg_hovered":{"red":0.3843137254901961,"green":0.40784313725490196,"blue":0.5019607843137255,"alpha":1.0},"axis_grid":{"red":0.45098039215686275,"green":0.4745098039215686,"blue":0.5803921568627451,"alpha":1.0},"axis_text":{"red":0.7098039215686275,"green":0.7490196078431373,"blue":0.8862745098039215,"alpha":1.0},"crosshairs":{"red":0.9490196078431372,"green":0.8352941176470589,"blue":0.8117647058823529,"alpha":1.0},"error_bar":{"red":0.9333333333333333,"green":0.7450980392156863,"blue":0.7450980392156863,"alpha":1.0},"fill":null,"frame_bg":{"red":0.2549019607843137,"green":0.27058823529411763,"blue":0.34901960784313724,"alpha":1.0},"inlay_text":{"red":0.9490196078431372,"green":0.8352941176470589,"blue":0.8117647058823529,"alpha":1.0},"legend_bg":{"red":0.13725490196078433,"green":0.14901960784313725,"blue":0.20392156862745098,"alpha":1.0},"legend_border":{"red":0.13725490196078433,"green":0.14901960784313725,"blue":0.20392156862745098,"alpha":1.0},"legend_text":{"red":0.7764705882352941,"green":0.8156862745098039,"blue":0.9607843137254902,"alpha":1.0},"line":null,"marker_fill":{"red":0.13725490196078433,"green":0.14901960784313725,"blue":0.20392156862745098,"alpha":1.0},"marker_outline":{"red":0.13725490196078433,"green":0.14901960784313725,"blue":0.20392156862745098,"alpha":1.0},"plot_bg":{"red":0.13725490196078433,"green":0.14901960784313725,"blue":0.20392156862745098,"alpha":1.0},"plot_border":{"red":0.13725490196078433,"green":0.14901960784313725,"blue":0.20392156862745098,"alpha":1.0},"selection":{"red":0.13725490196078433,"green":0.14901960784313725,"blue":0.20392156862745098,"alpha":1.0},"title_text":{"red":0.13725490196078433,"green":0.14901960784313725,"blue":0.20392156862745098,