{"components":[{"core_colors":{"border":{"red":0.8627450980392157,"green":0.8784313725490196,"blue":0.9098039215686274,"alpha":1.0},"border_shadow":{"red":0.9019607843137255,"green":0.9137254901960784,"blue":0.9372549019607843,"alpha":1.0},"button":{"red":0.8,"green":0.8156862745098039,"blue":0.8549019607843137,"alpha":1.0},"button_active":{"red":0.6745098039215687,"green":0.6901960784313725,"blue":0.7450980392156863,"alpha":1.0},"button_hovered":{"red":0.7372549019607844,"green":0.7529411764705882,"blue":0.8,"alpha":1.0},"check_mark":{"red":0.4235294117647059,"green":0.43529411764705883,"blue":0.5215686274509804,"alpha":1.0},"child_bg":{"red":0.611764705882353,"green":0.6274509803921569,"blue":0.6901960784313725,"alpha":1.0},"docking_empty_bg":{"red":0.8627450980392157,"green":0.8784313725490196,"blue":0.9098039215686274,"alpha":1.0},"docking_preview":{"red":0.8627450980392157,"green":0.5411764705882353,"blue":0.47058823529411764,"alpha":1.0},"drag_drop_target":{"red":0.8745098039215686,"green":0.5568627450980392,"blue":0.11372549019607843,"alpha":1.0},"frame_bg":{"red":0.8,"green":0.8156862745098039,"blue":0.8549019607843137,"alpha":1.0},"frame_bg_active":{"red":0.6745098039215687,"green":0.6901960784313725,"blue":0.7450980392156863,"alpha":1.0},"frame_bg_hovered":{"red":0.7372549019607844,"green":0.7529411764705882,"blue":0.8,"alpha":1.0},"header":{"red":0.8,"green":0.8156862745098039,"blue":0.8549019607843137,"alpha":1.0},"header_active":{"red":0.6745098039215687,"green":0.6901960784313725,"blue":0.7450980392156863,"alpha":1.0},"header_hovered":{"red":0.7372549019607844,"green":0.7529411764705882,"blue":0.8,"alpha":1.0},"menu_bar_bg":{"red":0.5490196078431373,"green":0.5607843137254902,"blue":0.6313725490196078,"alpha":1.0},"modal_window_dim_bg":{"red":0.8,"green":0.8156862745098039,"blue":0.8549019607843137,"alpha":1.0},"nav_highlight":{"red":0.01568627450980392,"green":0.6470588235294118,"blue":0.8980392156862745,"alpha":1.0},"nav_windowing_dim_bg":{"red":0.6745098039215687,"green":0.6901960784313725,"blue":0.7450980392156863,"alpha":1.0},"nav_windowing_highlight":{"red":0.01568627450980392,"green":0.6470588235294118,"blue":0.8980392156862745,"alpha":1.0},"plot_histogram":{"red":0.8627450980392157,"green":0.8784313725490196,"blue":0.9098039215686274,"alpha":1.0},"plot_histogram_hovered":{"red":0.8627450980392157,"green":0.8784313725490196,"blue":0.9098039215686274,"alpha":1.0},"plot_lines":{"red":0.996078431372549,"green":0.39215686274509803,"blue":0.043137254901960784,"alpha":1.0},"plot_lines_hovered":{"red":0.5333333333333333,"green":0.2235294117647059,"blue":0.9372549019607843,"alpha":1.0},"popup_bg":{"red":0.611764705882353,"green":0.6274509803921569,"blue":0.6901960784313725,"alpha":1.0},"resize_grip":{"red":0.4470588235294118,"green":0.5294117647058824,"blue":0.9921568627450981,"alpha":1.0},"resize_grip_active":{"red":0.12549019607843137,"green":0.6235294117647059,"blue":0.7098039215686275,"alpha":1.0},"resize_grip_hovered":{"red":0.12549019607843137,"green":0.6235294117647059,"blue":0.7098039215686275,"alpha":1.0},"scrollbar_bg":{"red":0.611764705882353,"green":0.6274509803921569,"blue":0.6901960784313725,"alpha":1.0},"scrollbar_grab":{"red":0.4470588235294118,"green":0.5294117647058824,"blue":0.9921568627450981,"alpha":1.0},"scrollbar_grab_active":{"red":0.11764705882352941,"green":0.4,"blue":0.9607843137254902,"alpha":1.0},"scrollbar_grab_hovered":{"red":0.11764705882352941,"green":0.4,"blue":0.9607843137254902,"alpha":1.0},"separator":{"red":0.4235294117647059,"green":0.43529411764705883,"blue":0.5215686274509804,"alpha":1.0},"separator_active":{"red":0.3607843137254902,"green":0.37254901960784315,"blue":0.4666666666666667,"alpha":1.0},"separator_hovered":{"red":0.3607843137254902,"green":0.37254901960784315,"blue":0.4666666666666667,"alpha":1.0},"slider_grab":{"red":0.611764705882353,"green":0.6274509803921569,"blue":0.6901960784313725,"alpha":1.0},"slider_grab_active":{"red":0.5490196078431373,"green":0.5607843137254902,"blue":0.6313725490196078,"alpha":1.0},"tab":{"red":0.8,"green":0.8156862745098039,"blue":0.8549019607843137,"alpha":1.0},"tab_active":{"red":0.6745098039215687,"green":0.6901960784313725,"blue":0.7450980392156863,"alpha":1.0},"tab_hovered":{"red":0.611764705882353,"green":0.6274509803921569,"blue":0.6901960784313725,"alpha":1.0},"tab_unfocused":{"red":0.8,"green":0.8156862745098039,"blue":0.8549019607843137,"alpha":1.0},"tab_unfocused_active":{"red":0.6745098039215687,"green":0.6901960784313725,"blue":0.7450980392156863,"alpha":1.0},"table_border_light":{"red":0.611764705882353,"green":0.6274509803921569,"blue":0.6901960784313725,"alpha":1.0},"table_border_strong":{"red":0.2980392156862745,"green":0.30980392156862746,"blue":0.4117647058823529,"alpha":1.0},"table_header_bg":{"red":0.9019607843137255,"green":0.9137254901960784,"blue":0.9372549019607843,"alpha":1.0},"table_row_bg":{"red":0.8,"green":0.8156862745098039,"blue":0.8549019607843137,"alpha":1.0},"table_row_bg_alt":{"red":0.7372549019607844,"green":0.7529411764705882,"blue":0.8,"alpha":1.0},"text":{"red":0.2980392156862745,"green":0.30980392156862746,"blue":0.4117647058823529,"alpha":1.0},"text_disabled":{"red":0.4235294117647059,"green":0.43529411764705883,"blue":0.5215686274509804,"alpha":1.0},"text_selected_bg":{"red":0.8627450980392157,"green":0.8784313725490196,"blue":0.9098039215686274,"alpha":1.0},"title_bg":{"red":0.8,"green":0.8156862745098039,"blue":0.8549019607843137,"alpha":1.0},"title_bg_active":{"red":0.6745098039215687,"green":0.6901960784313725,"blue":0.7450980392156863,"alpha":1.0},"title_bg_collapsed":{"red":0.7372549019607844,"green":0.7529411764705882,"blue":0.8,"alpha":1.0},"window_bg":{"red":0.9372549019607843,"green":0.9450980392156862,"blue":0.9607843137254902,"alpha":1.0}},"plot_colors":{"axis_bg":{"red":0.8,"green":0.8156862745098039,"blue":0.8549019607843137,"alpha":1.0},"axis_bg_active":{"red":0.7372549019607844,"green":0.7529411764705882,"blue":0.8,"alpha":1.0},"axis_bg_hovered":{"red":0.6745098039215687,"green":0.6901960784313725,"blue":0.7450980392156863,"alpha":1.0},"axis_grid":{"red":0.611764705882353,"green":0.6274509803921569,"blue":0.6901960784313725,"alpha":1.0},"axis_text":{"red":0.3607843137254902,"green":0.37254901960784315,"blue":0.4666666666666667,"alpha":1.0},"crosshairs":{"red":0.8627450980392157,"green":0.5411764705882353,"blue":0.47058823529411764,"alpha":1.0},"error_bar":{"red":0.8666666666666667,"green":0.47058823529411764,"blue":0.47058823529411764,"alpha":1.0},"fill":null,"frame_bg":{"red":0.8,"green":0.8156862745098039,"blue":0.8549019607843137,"alpha":1.0},"inlay_text":{"red":0.8627450980392157,"green":0.5411764705882353,"blue":0.47058823529411764,"alpha":1.0},"legend_bg":{"red":0.8627450980392157,"green":0.8784313725490196,"blue":0.9098039215686274,"alpha":1.0},"legend_border":{"red":0.8627450980392157,"green":0.8784313725490196,"blue":0.9098039215686274,"alpha":1.0},"legend_text":{"red":0.2980392156862745,"green":0.30980392156862746,"blue":0.4117647058823529,"alpha":1.0},"line":null,"marker_fill":{"red":0.8627450980392157,"green":0.8784313725490196,"blue":0.9098039215686274,"alpha":1.0},"marker_outline":{"red":0.8627450980392157,"green":0.8784313725490196,"blue":0.9098039215686274,"alpha":1.0},"plot_bg":{"red":0.8627450980392157,"green":0.8784313725490196,"blue":0.9098039215686274,"alpha":1.0},"plot_border":{"red":0.8627450980392157,"green":0.8784313725490196,"blue":0.9098039215686274,"alpha":1.0},"selection":{"red":0.8627450980392157,"green":0.8784313725490196,"blue":0.9098039215686274,"alpha":1.0},"title_text":{"red":0.8627450980392157,"green":0.8784313725490196,"blue":0.9098039215686274,"alpha":1.0}},"node_colors":{"box_selector":{"red":0.8627450980392157,"green":0.8784313725490196,"blue":0.9098039215686274,"alpha":1.0},"box_selector_outline":{"red":0.8627450980392157,"green":0.8784313725490196,"blue":0.9098039215686274,"alpha":1.0},"grid_background":{"red":0.8627450980392157,